record_id,category,provenance,n_joints,ngeom,d_bbox,total_mass,B11_score,B11_human,B12_score,B12_human,B13_score,B13_human,B14_score,B14_human,B12_worst_joint,B12_S_interface,B12_S_gravity
rec_a-midi-keyboard_20260322_164952_491478_ce96f1d3,MIDI keyboard controller with pitch wheel and sliders,asset,42,68,0.9785,4.023,0.22580645161290322,满足,0.0,不满足,0.1798363167112766,不满足,,不涉及,chassis_to_white_key_0,0.0,
rec_adjustable_weight_bench_with_hinged_backrest_8590c7ba954646b0b7f0a1b6fecc6b44,Adjustable weight bench with hinged backrest,inferred,3,43,2.54,32.382,0.0010275095115280537,不涉及,0.0,不满足,0.02042745945865014,不涉及,,不涉及,base_to_seat,0.0,0.005423
rec_air_conditioning_machine_7e491607358345d4af18dd84accf03d3,Air conditioning machine,inferred,6,11,3.287,1.822,0.0024169329186817935,满足,0.0,不满足,0.7709824250627354,满足,,满足,front_button_0_press,0.0,
rec_air_fryer_with_pullout_basket_14ac4c8c9e35416b864382571fa27e62,Air fryer with pullout basket,inferred,5,10,1.0615,8.238,1.0433935202441401e-20,满足,0.0,满足,0.0001523930777645934,满足,,满足,body_to_drawer,0.0,0.0
rec_air_pump_with_t_handle_bb8a3ad3760a48bbbbb2f6a2d5f5f34a,Air pump with T-handle,inferred,3,36,2.0552,1.587,1.6456982604365033e-09,满足,0.0,不满足,1.4262594410354078e-09,满足,,满足,needle_pivot,0.0,
rec_air_purifier_with_filter_door_78b8ba69a3644700953d6de891fe0e85,Air purifier with filter door,asset,2,22,0.6803,2.23,2.026133904608964e-07,满足,0.0,不满足,9.873934151581043e-41,满足,,满足,cap_unlock,0.0,0.0
rec_all_in_one_printer_with_scanner_lid_and_paper_tray_401e9042a65b4e4c84b3193175918b05,All-in-one printer with scanner lid and paper tray,inferred,10,24,2.0201,14.907,0.06489939075953492,满足,0.0,满足,1.930550317078418e-12,满足,,满足,body_to_flatbed_lid,0.0,1e-06
rec_astronomical_telescope_on_tripod_b6c43a69e11e4854bf06422f113d9b7d,Astronomical telescope on tripod,inferred,4,46,2.7958,89.903,0.38781775926908507,满足,0.0,满足,0.04272456928905896,满足,,满足,altitude,0.0,0.895098
rec_barrier_gate_fae73e3eb6984a6a8b3e62ca0a47679a,Barrier gate,inferred,1,24,6.563,42.045,2.4836664198594822e-11,满足,0.8347430468066211,满足,0.0013852538853701471,满足,,满足,housing_to_arm,0.835616,0.998956
rec_bell_tower_with_swinging_bell_2f0ad6cf7c17417ab1291268aa663643,Bell tower with swinging bell,asset,2,20,8.6782,2342.0,0.0053152531726930454,满足,1.33475687689008e-10,满足,0.03325033561701814,满足,,满足,clapper_pivot,0.0,0.007744
rec_bench_vise_with_prismatic_jaw_0002,Bench vise with prismatic jaw,asset,1,45,1.743,35.0,1.1969228565448863e-07,满足,1.950948003938667e-06,满足,6.346305724183576e-14,满足,,满足,jaw_slide,0.034753,5.6e-05
rec_benchtop_monocular_laboratory_microscope_660cc8661bc54d2daf770dafb4efe269,Benchtop Monocular Laboratory Microscope,inferred,5,31,0.7021,0.601,0.0004316510073675898,满足,0.0,不满足,0.5708147234952594,满足,,满足,focus_slide,0.0,0.829238
rec_bicycle_crankset_and_pedal_assembly_815cd8c51ee342719a051869fe2b7325,Bicycle crankset and pedal assembly,inferred,3,44,0.9155,1.439,1.0,满足,6.646264066916029e-05,满足,6.307831514029586e-08,满足,,满足,bottom_bracket_to_crank,0.060352,0.001101
rec_bicycle_dropper_seatpost_assembly_286c921428ff433786e22f9ea5de2ed4,Bicycle dropper seatpost assembly,inferred,2,37,1.2041,2.269,4.373352269961495e-08,满足,0.0,满足,1.187943968069126e-10,满足,,满足,saddle_tilt,0.0,0.001432
rec_bicycle_fork_and_handlebar_assembly_8cd0ec4d04fa466085adc8318c629061,Bicycle fork and handlebar assembly,asset,2,18,1.1973,2.65,5.519163596321995e-07,满足,0.0,满足,6.879555511957677e-06,满足,,满足,stem_to_handlebar,0.0,0.014877
rec_binoculars_fc9fc306c6f8437683635fccb0369257,Binoculars,inferred,4,30,0.1967,0.12,3.499494580235912e-17,满足,0.0,满足,1.7427130628694936e-07,满足,,满足,right_eyecup_twist,0.0,0.0
rec_blender_204882f3c5ab4e2f94f686d71135c901,Blender,inferred,3,28,1.9972,91.188,4.858434116454265e-10,满足,0.0,满足,0.0013888864017033524,满足,,满足,lid_hinge,0.0,0.855452
rec_blimp_bfaae9ad267842f88c15e275a1effa76,Blimp,inferred,7,44,107.1667,9272.382,0.0002997896626212346,满足,4.284858736273158e-05,不满足,0.0011649555382738234,满足,,满足,port_vector,0.094283,0.000454
rec_box_fan_with_control_knob_a60c8de280fe4b0bb9ede3d809e01398,Box fan with control knob,inferred,4,36,1.3065,12.596,0.00013226586641773824,满足,0.0,满足,4.728362636168382e-08,满足,,满足,housing_to_blade,0.0,0.001304
rec_branching_tree_with_three_independent_rotary_branches_54f3f9b9686e443e9d7f91f87d923b6e,Branching tree with three independent rotary branches,asset,3,11,1.2081,10.1,2.720075695406651e-06,满足,0.0,满足,6.35529721987522e-19,满足,,满足,pedestal_to_middle_arm,0.0,0.0
rec_branching_tree_with_two_independent_rotary_branches_0b2bb69a478c46ea9ef4516c12cfebe9,Branching tree with two independent rotary branches,inferred,2,5,3.9916,2.638,0.0018508938454609408,满足,0.0,满足,8.545859850897025e-06,满足,,满足,spine_to_lower_right_branch,0.0,1e-05
rec_bread_maker_with_hinged_lid_baf7860b9f9341038baba7e8a7e88687,Bread maker with hinged lid,inferred,6,15,1.112,2.316,2.3994662846244005e-14,满足,0.0,不满足,1.3972819288101862e-22,满足,,满足,body_to_lid,0.0,0.0
rec_camcorder_with_flipout_screen_c0e525a2c15c48f2a7d03c53f846c765,Camcorder with flip-out screen,inferred,5,27,0.241,0.028,9.36186775849077e-17,满足,0.0,满足,3.8512164683344176e-19,满足,,满足,body_to_screen,0.0,0.0
rec_camera_flash_5429b662e9ab4e3eae11495d646eb94d,Camera flash,inferred,12,40,0.4797,0.889,1.446689506209646e-09,满足,0.0,满足,0.00014179688503584235,满足,,满足,body_to_button_0,0.0,0.01813
rec_camera_lens_dd553009d50644f5bcd7680b4fb9359e,Camera Lens,inferred,2,21,1.8104,7.386,9.451319595672236e-09,满足,0.0,满足,3.7033820967711034e-22,满足,,满足,barrel_to_collar,0.0,0.0
rec_cantilever_articulated_arm_0c46128c7eda409b9d37704d9aea8000,Cantilever articulated arm,inferred,3,43,3.4048,72.843,0.002975547815524158,满足,0.0,满足,0.9694088479475327,满足,,满足,elbow,0.0,0.0
rec_car_axles_45dcd3c4572841a58f4821eb59c66511,Car Axles,inferred,3,45,3.8231,20.37,,满足,2.204290716896802e-22,满足,2.3968778986291527e-09,满足,,满足,axle_to_propshaft,0.001303,0.0
rec_car_sunroof_cassette_5e93bd43c901479e9b17b631c068a884,Car sunroof cassette,asset,1,25,2.0427,19.0,1.1040685329936573e-08,满足,0.016225394672676304,不满足,0.044996270642098275,满足,,满足,frame_to_glass_panel,0.024004,0.675952
rec_cash_register_a90a3eb4ec5a49c79034bac363111f2a,Cash register,inferred,21,46,1.1399,5.467,0.0008131167556615679,不满足,0.0,满足,0.0019137910656506025,满足,,满足,housing_to_drawer,0.0,0.991307
rec_casino_machine_a70993399d1b41d890e8589c17466b88,Casino Machine,inferred,4,37,4.0865,4.693,3.8613384172288347e-47,不满足,8.781984964927901e-10,满足,0.006309885644254161,满足,,满足,shelf_to_button_1,0.0,0.052502
rec_cctv_mast_with_pantilt_camera_head_b990e786a2b543dca45f4d72c3333682,CCTV mast with pan-tilt camera head,inferred,3,29,8.1296,10.2,0.005519130579665249,满足,0.0,满足,0.9041666666666666,满足,,满足,pan_to_camera,0.0,0.0
rec_ceiling_fan_a743cb8b7b834f689d8e18995b53306a,Ceiling fan,asset,2,28,3.0312,8.45,1.9523391069987557e-06,满足,0.0,满足,0.0,不满足,,满足,housing_to_rotor,0.0,0.004525
rec_centrifugal_juicer_with_articulated_components_8cf981d5e9bd4079bfcaa4a2e5ace079,Centrifugal juicer with articulated components,inferred,6,31,1.1584,6.637,0.00010452720981344301,满足,0.0,不满足,7.512750671956199e-25,满足,,满足,chamber_to_lid,0.0,0.0
rec_chest_freezer_with_hinged_lid_bc3ba2bac3944a079450b99fe4399266,Chest freezer with hinged lid,asset,2,22,3.7394,157.6,0.0006213381788690224,满足,0.0,不满足,0.7068740460814126,满足,,满足,lid_to_hasp,0.0,0.913892
rec_clamp_meter_with_hinged_jaw_and_rotary_selector_10a8334a34854481976c0cd262a086cb,Clamp meter with hinged jaw and rotary selector,inferred,6,8,0.4915,0.071,9.838041091036998e-29,满足,0.0,不满足,4.617506925966256e-07,满足,,满足,body_to_selector,0.0,
rec_clock_tower_with_rotating_hour_and_minute_hands_968d8049735d4321a7e4f3f71a3cdf37,Clock tower with rotating hour and minute hands,asset,2,56,53.0973,80476.0,4.737796302410936e-07,满足,0.0,满足,0.001388884188559983,满足,,满足,clock_face_to_hour_hand,0.0,1.0
rec_conventional_oven_with_dropdown_door_4cea6d5e07ec40ca9cbb7c01e00f658b,Conventional oven with drop-down door,inferred,6,64,6.9669,66.717,1.0752713651461622e-08,满足,0.009047099008757711,不满足,1.9102671652167143e-05,满足,,满足,frame_to_roller_1,0.064354,0.140583
rec_crane_tower_53dc44fe6d1d4508a02f72b488355aa8,Crane tower,inferred,2,13,7.0048,253.516,5.129396822616172e-10,满足,0.007948951453633963,满足,0.00138888888887434,满足,,满足,slew_bearing,1.0,0.007949
rec_create-a-simple-office-desk-lamp-with-a-weighted_20260426_043517_753346_bec61660,Articulated task lamp,inferred,3,18,0.892,0.742,0.0,满足,0.0,满足,0.0,满足,,满足,base_hinge,0.713631,0.0
rec_dehumidifier_with_pullout_water_bucket_312d967e71354260abe1684325361221,Dehumidifier with pullout water bucket,inferred,8,9,1.3488,23.666,8.417664582195439e-27,满足,0.0,满足,1.4387936542293513e-06,满足,,满足,body_to_tank,0.0,0.0
rec_desk_with_drawer_04cc1a88d9734b57abdeb511f0e2867e,Desk with drawer,inferred,1,15,2.7554,23.025,0.5057921991280567,满足,0.0029456236343053674,满足,0.9708333333333333,满足,,满足,drawer_pull,0.002946,1.0
rec_desktop_monitor_with_tilt_swivel_stand_bb30a52345e34061a7b2696f905c4b84,Desktop monitor with tilt swivel stand,inferred,5,27,1.5659,8.977,7.064999757321715e-07,满足,0.0,满足,6.408913589715674e-07,满足,,满足,column_lift,0.0,0.547811
rec_desktop_pc_tower_868df8153b55490a98df90cb3db742ea,Desktop PC tower,inferred,2,26,1.0529,0.371,5.9832736603759375e-06,满足,0.0,不满足,0.14074415327037668,满足,,满足,chassis_to_top_lid,0.0,0.621966
rec_desktop_pencil_sharpener_with_hand_crank_and_drawer_660e877c85b14af3826fb2b8108a9b2c,Desktop pencil sharpener with hand crank and drawer,inferred,4,18,0.344,0.058,2.5043637839004603e-09,满足,0.0,满足,7.219434008295591e-19,满足,,满足,body_to_drawer,0.0,0.0
rec_digital_multimeter_with_tilt_stand_and_rotary_selector_b890f963ac08460c98caee38f1b1f04c,Digital multimeter with tilt stand and rotary selector,inferred,6,23,0.321,0.034,1.9716586979788267e-10,满足,0.0,不满足,0.00018366735396238755,满足,,满足,body_to_stand,0.0,0.124014
rec_dishwasher_with_dropdown_door_and_sliding_racks_9dd15c0aefb940f2acd9fd2596b80ced,Dishwasher with dropdown door and sliding racks,inferred,9,60,2.2682,22.54,3.254418602894621e-09,满足,0.0,不满足,8.597570065540041e-33,满足,,满足,control_pod_to_rocker_0,0.0,
rec_display_freezer_with_sliding_glass_lids_0f3d61056a8d4b3fa741ed86a32f8252,Display freezer with sliding glass lids,inferred,3,34,4.5009,10.744,0.5056593472730055,满足,0.0,满足,0.9708323269050425,满足,,满足,cabinet_to_upper_lid,0.0,1.0
rec_dj_equipment_cd0c5cea60a149199e4c6892c3b22b6d,DJ equipment,inferred,5,39,0.7223,0.698,0.003345002487778467,满足,0.0,不满足,0.014584426557944896,满足,,满足,housing_to_lcd_panel,0.0,0.003651
rec_dock_loading_ramp_0004,Dock loading ramp,asset,2,58,6.4492,476.0,6.480099946378026e-08,满足,0.0,满足,1.0669921575355948e-06,满足,,满足,left_leg_adjust,0.0,0.054322
rec_drawer_cabinet_with_sliding_drawers_34d51b44ab674f52b838d4bc4e126590,Drawer cabinet with sliding drawers,inferred,6,53,2.4886,13.488,7.567081682393487e-07,满足,0.0,满足,0.5111111111111113,满足,,满足,body_to_drawer_0,0.0,1.0
rec_drillpress_tilt_table_0001,Drill-press tilt table,asset,3,53,0.8384,25.5,6.011857142809209e-05,满足,0.0,不满足,1.141668116825196e-12,满足,,满足,table_tilt,0.0,0.0
rec_drone_ec15deb1b1234159ad5a153be205291a,Drone,inferred,9,47,2.6379,7.953,0.4544929676877308,满足,0.28246471013907354,不满足,5.185179481748082e-09,满足,,满足,body_to_payload_skid,0.282465,
rec_dual_independent_finger_chains_c073d8cdd48844119be58db5e363c1aa,Dual independent finger chains,inferred,6,50,0.5243,0.139,1.8466721880352884e-05,满足,0.0,满足,0.7597012694812425,满足,,满足,finger_0_root_joint,0.0,1.1e-05
rec_dualcolumn_lift_carriage_4827c6f00e41454e964a805d06eadbe6,Dual-column lift carriage,inferred,1,24,2.8787,47.649,5.974702737855301e-09,满足,1.545459167449498e-08,满足,2.023408897523083e-15,满足,,满足,column_lift,0.00086,1.8e-05
rec_dualrail_gantry_axis_cf72135ff55849bdb68706bde95c9b4f,Dual-rail gantry axis,asset,2,21,5.5176,429.0,0.5057937656537699,满足,0.0023015043350650462,不满足,0.9708333333333333,满足,,满足,base_to_crossbeam,0.002302,1.0
rec_easel_90fa08f60d56451393756e723fcb66fb,Easel,inferred,2,27,3.1729,4.532,4.988348913532829e-09,满足,0.0,不满足,2.243439585129007e-05,满足,,满足,tray_slide,0.0,0.965879
rec_electrical_cabinet_door_5c93513f9fd14694ac2eca6a39c6a4fd,Electrical cabinet door,asset,2,50,4.8413,226.0,1.4533351777025e-07,满足,0.0,满足,0.0014238833306574933,满足,,满足,cabinet_to_front_door,0.0,1.0
rec_elevator_b61417793eaa416683a0230851623741,Elevator,asset,2,114,8.2447,1135.0,1.1028760950586108e-09,满足,0.0,满足,0.0013888888888743366,满足,,满足,car_to_gate,0.0,0.987164
rec_extension_ladder_e8bca94e5d6f407489553ed6adeb5777,Extension ladder,inferred,5,52,9.3685,18.89,0.0003470928661509179,满足,0.0,满足,0.5993972928587942,满足,,满足,fly_to_hook_0,0.0,0.048673
rec_fidget_toy_cb7de51b43194c69a729ad07fc7297b5,Fidget toy,inferred,2,29,0.2282,0.06,,满足,0.0,满足,8.17421466982903e-09,满足,,满足,inner_spin,0.0,0.0
rec_fingerlike_phalanx_chain_4f7c64ddc97c4e75920f166c8615df5f,Finger-like phalanx chain,inferred,3,38,0.8775,1.52,3.0335111913205166e-51,满足,0.0,满足,0.0,满足,,满足,middle_joint,0.0,0.0
rec_flap_array_with_independent_hinges_0002,Vane array with independent pivots,asset,4,29,1.5957,6.16,0.11263509049610283,满足,0.0,满足,0.8250000000000002,满足,,不涉及,frame_to_flap_top_left,0.0,0.797894
rec_flatbed_scanner_with_hinged_lid_74a2db1034c9495eb2aa749dca96dccd,Flatbed scanner with hinged lid,asset,2,31,0.4855,2.02,1.430452287231169e-10,满足,0.0,不满足,1.2796797701478217e-07,满足,,满足,rear_lid_hinge,0.0,7.7e-05
rec_flip_phone_83b0fac634af42e2bd288f59133e70c8,Flip phone,asset,3,49,0.2674,0.159,2.365072821016704e-15,不满足,0.0,满足,9.819746217167781e-05,满足,,满足,lower_to_navigation_cluster,0.0,0.128493
rec_floodlight_mast_with_tilt_head_be7761e8552b4465a942020165887b2c,Floodlight mast with tilt head,asset,3,43,37.8236,5388.0,6.656164298715305e-10,满足,0.0,满足,0.00138888888887434,满足,,满足,lamp_tilt,0.0,0.998486
rec_floor_lamp_0042e687f24e46ecac782b1ca71df7d5,Floor lamp,inferred,4,22,1.6418,1.028,9.759200011277567e-08,满足,0.0,满足,0.4347598952730791,满足,,满足,head_tilt,0.0,0.0
rec_folding_arm_chain_2ec0062097f349ebb312519b42559372,Planar revolute chain,asset,3,12,0.5051,0.53,0.001049751294247213,不满足,0.0,不满足,0.02530852252185857,不满足,,不涉及,link_1_to_link_2,0.0,0.0
rec_folding_kick_scooter_9fab34102ccf4649ba085fbaf7510638,Folding kick scooter,asset,3,52,2.1108,19.9,1.0329948374692072e-14,满足,0.0,满足,3.633876574132003e-09,满足,,满足,handlebar_raise,0.0,0.000314
rec_food_processor_with_feed_pusher_93611eab85984adba00c40c3934dc26b,Food processor with feed pusher,inferred,8,26,1.1135,1.449,6.818376626775628e-09,满足,0.0,满足,4.699583864858339e-30,满足,,满足,base_to_ingredient_flap,0.0,
rec_fourjoint_revolute_chain_6fb1ea74b6c3495b88ee238e387c5e8c,Four-joint revolute chain,inferred,4,22,0.8609,0.281,0.1847146014778181,满足,0.0015774742946739035,满足,4.9461816432500524e-05,满足,,满足,joint_1,0.081879,0.019266
rec_frontload_dryer_e54137a4376a4f02b74cf7e20056f978,Front-load dryer,inferred,2,24,4.7613,200.843,0.3654067886323591,满足,0.0,不满足,1.159497454605523e-48,满足,,满足,cabinet_to_door,0.0,0.845716
rec_frontload_washing_machine_1ec54b6712c44a61a27f1cd699e48757,Front-load washing machine,asset,2,58,3.4458,132.5,9.777028551067795e-08,满足,0.0,不满足,0.0012012929438686539,满足,,满足,washer_door_hinge,0.0,0.0
rec_garden_gate_3ffbd3e876a142d2ab5693140093a96a,Garden gate,inferred,4,64,6.3108,45.782,6.299286692162079e-10,满足,0.0,满足,1.271402375141762e-06,满足,,满足,frame_to_latch_leaf,0.0,0.670445
rec_gear_assemblies_0001,Gear Assemblies,asset,3,22,0.5637,15.15,,满足,0.0,满足,1.0415310558369683e-05,满足,,满足,input_spin,0.0,0.0015
rec_glasses_9bb2f7b74f5d40548747d32fd306be52,Glasses,asset,2,13,0.4378,0.03,1.2275148729923663e-05,满足,0.0,满足,0.8050615119935183,满足,,满足,left_hinge,0.0,1.0
rec_globe_0002,Globe,asset,2,23,0.4664,2.63,4.940247997563673e-10,满足,2.5094472427620593e-64,满足,0.0002474538383964574,不满足,,满足,base_to_meridian,0.013125,0.0
rec_glove_compartment_door_927c892914044efcb1cb608ac19db1b7,Glove compartment door,inferred,3,36,1.5385,3.483,1.1400255215547259e-07,满足,0.0,满足,0.0013888385047614033,满足,,不满足,bin_to_door,0.0,0.741013
rec_graphics_card_with_cooling_fans_0004,Graphics card with cooling fans,asset,3,74,0.6975,2.69,,满足,0.004912669823121704,满足,0.01355116593314233,满足,,满足,fan_right_spin,0.033634,0.146064
rec_hand_truck_dolly_032c394e20744e9eb49f3c727d1f924b,Hand truck dolly,asset,3,43,3.1066,29.7,4.986538526750136e-05,满足,0.0,满足,0.044049992810879436,满足,,满足,frame_to_nose_plate,0.0,0.865707
rec_hinged_window_or_hatch_9fd07951a0b3469f9a8543eea37cae60,Hinged window or hatch,inferred,3,23,2.2084,34.626,0.2199949152323465,满足,0.0,满足,0.008853433787545125,满足,,满足,latch_0_pivot,0.0,
rec_hingeddoor_cabinet_8c54713a63174926b9050d6f56067432,Hinged-door cabinet,inferred,2,31,2.0016,8.671,1.5435590841483507e-05,满足,0.0,不满足,6.50931144117107e-06,满足,,满足,door_hinge,0.0,0.984433
rec_instrument_case_with_hinged_lid_b9b2c2afa6c9423cbf3bcd5eb64c78d9,Instrument case with hinged lid,inferred,3,39,1.5444,3.046,0.0035444977093396154,满足,0.0,满足,0.0005188041729155703,满足,,满足,rear_hinge,0.0,0.008869
rec_internet_router_1859bb591ee741fd916ffe2c874cec97,Internet Router,inferred,3,28,0.5914,0.112,0.00047936538611805516,满足,1.1668376058956394e-06,不满足,0.0009323774600827084,满足,,满足,body_to_power_switch,0.000586,0.001991
rec_jet_engine_e07fdb1f914d4c9ba7d5482e758b9706,Jet Engine,asset,1,11,4.8351,89.0,,满足,1.2188630052268001e-17,满足,2.942854150309093e-29,满足,,满足,body_to_fan_rotor,7e-06,0.0
rec_joystick_mechanism_8638fe862cf5401cae1d223ede8244d4,Joystick mechanism,inferred,2,38,2.468,28.784,0.04654127458029127,满足,0.0,满足,0.8820946125373893,不满足,,满足,roll_axis,0.0,0.946522
rec_keyboard_4227b74b61c949d591c6eea8402571f6,Keyboard,inferred,104,245,1.0735,0.289,9.839433202003338e-09,不满足,0.0,满足,0.0002846731748498635,满足,,满足,housing_to_key_escape,0.0,0.761085
rec_kick_scooter_ee258e22648e4121b73b17c49ea7a2ac,Kick scooter,asset,4,49,1.9671,16.85,1.2475945262852035e-07,满足,4.103105070920839e-06,满足,0.0008353927780312745,满足,,不满足,frame_to_side_stand,0.862952,5e-06
rec_laptop_clamshell_d201e66211d4426096f1625b7b4fc1cf,Laptop clamshell,inferred,49,119,1.0976,3.061,6.94342581551733e-06,不满足,0.0,满足,0.012279810671935653,满足,,满足,base_to_key_0_0,0.0,0.385455
rec_lazy_susan_efcb4237eb1c4f96a46d0b370cf1dcb5,Lazy Susan,asset,2,20,0.9448,6.0,1.1847917481029319e-07,满足,0.0,满足,3.983658859301834e-34,满足,,满足,post_to_lower_tier,0.0,0.0
rec_lighthouse_with_rotating_beacon_assembly_66ebf92827a943f58873cf49fad7a7fc,Lighthouse with rotating beacon assembly,inferred,1,89,50.8113,428.561,,满足,0.0005612249234043255,满足,0.007388558545215823,满足,,不涉及,beacon_spin,0.003997,0.140418
rec_linear_carriage_with_independent_rotary_endeffector_ac62f36bf0b04244a5c1aa38b4119472,Linear carriage with independent rotary end-effector,inferred,2,24,2.249,9.361,1.372751681872898e-07,满足,0.15289176381962064,满足,0.0013888888888743357,满足,,不涉及,rail_to_carriage,0.152892,1.0
rec_mailbox_with_front_access_door_0002,Mailbox with front access door,asset,1,7,1.3941,9.55,0.014667224080693354,满足,4.648833342041524e-11,不满足,0.8694444444444445,满足,,不涉及,body_to_front_door,0.099532,0.0
rec_mastmounted_fork_carriage_c3e7acda77b249c8b1f9155c9a68ea68,Mast-mounted fork carriage,asset,1,24,4.7541,335.0,1.7428381378454089e-09,满足,0.015276290515716428,不满足,6.587025253564205e-05,不满足,,不涉及,mast_to_carriage,0.047685,0.320361
rec_metronome_c8917520bd114977a46b060942212ee6,Metronome,asset,4,14,0.604,1.67,2.1330716662507055e-06,满足,0.0,满足,0.2387065833427687,满足,,不涉及,pendulum_to_fine_weight,0.0,0.014914
rec_microwave_oven_47dc895bb93344b9bee2eb9b47092c97,Microwave oven,inferred,9,42,1.7072,2.593,4.044076717564269e-12,满足,0.0,满足,2.819051923887555e-07,满足,,不涉及,door_hinge,0.0,0.060104
rec_missile_launcher_91c8ac060ad846448a2f80737cd3f3d4,Missile launcher,asset,2,53,9.6753,3830.0,1.105110763288534e-09,满足,0.0,满足,0.00138888888887434,满足,,不涉及,elevation_axis,0.0,0.995191
rec_miter_saw_arm_assembly_8288f5516faf4febbaccc03d9944b0d1,Miter saw arm assembly,asset,4,34,1.2741,31.4,1.0564617087938297e-08,满足,0.0,满足,0.15458962854936928,不满足,,不涉及,base_to_arm,0.0,0.0
rec_monitor_mount_c10308ed1ba241a9a835032150c14cbb,Monitor mount,inferred,4,33,2.3923,1.749,0.31078785090747557,满足,0.0,满足,2.793919388130379e-05,满足,,不涉及,head_to_plate,0.0,
rec_motherboard_ac0bc30f471c4be99b63ebe38b82c94f,Motherboard,inferred,7,57,0.6765,0.013,1.0448826947571787e-08,不满足,0.0,不满足,0.00016612627865780324,不满足,,不涉及,cpu_retention_arm_hinge,0.0,0.100901
rec_multisegment_foldout_arm_a92a2161f4a14f91bbc68c61a0030cee,Multi-segment fold-out arm,inferred,4,36,0.5243,0.187,0.028345500687856472,满足,0.0,不满足,0.9333062767184277,满足,,不涉及,link_one_to_link_two,0.0,1.6e-05
rec_observation_wheel_dd40e6e7f3ef428b9610b1c37791682a,Observation wheel,inferred,9,155,12.9506,5050.095,0.002256677442036151,满足,0.0,不满足,2.3643498896951992e-08,满足,,不涉及,wheel_to_cabin_0,0.0,0.0
rec_office_chair_0004,Office chair,asset,6,69,1.9416,20.9,8.069245365730378e-07,满足,0.39265297108845115,不满足,0.06340712109854456,不满足,,不涉及,seat_tilt,0.571402,0.687175
rec_offsetaxis_rotary_stack_119aa50c93b346fd9d4da7d7b4dd87db,Offset-axis rotary stack,inferred,2,3,1.0065,4.948,2.631842977037274e-06,满足,0.17854555343921108,满足,0.7249991019614911,满足,,不涉及,base_to_lower,0.178546,1.0
rec_opposed_twinslide_gripper_9d176d921adf4aafb3e3f085c7f12113,Opposed twin-slide gripper,inferred,2,3,0.3768,0.161,1.962005060454207e-06,满足,1.1124793016383361e-08,不满足,1.3474786840734385e-12,满足,,不涉及,body_to_left_jaw,0.000538,2.1e-05
rec_orchestra_style_music_stand_7f2ddfaf4b5041c8a464d6ea39fcc498,Orchestra Style Music Stand,inferred,4,14,2.4112,9.371,0.531173511498816,满足,0.0,满足,3.0223123465888146e-05,满足,,不涉及,desk_to_clip_0,0.0,
rec_orthogonal_xy_stage_dd803112f5e4499aaec517af3dde49c3,Orthogonal XY stage,asset,2,3,0.8254,7.9,0.5048455369122347,满足,2.137600661526087e-07,不满足,0.9708333333333333,满足,,不涉及,lower_to_x,0.0,1.0
rec_orthogonal_xz_stage_5c243c5f45ec4b35b5256bff57f02333,Orthogonal XZ stage,inferred,2,28,2.7203,22.36,9.214851295061362e-08,满足,0.0,不满足,0.0013885188506984293,满足,,不涉及,x_carriage_to_z_carriage,0.0,0.95282
rec_orthogonal_yz_stage_4b2deeac85504b1dab8613a416ceaf54,Orthogonal YZ stage,inferred,2,22,4.0351,19.046,0.005553768031224442,满足,0.0,不满足,0.8916666653290172,满足,,不涉及,y_carriage_to_z_carriage,0.0,0.000145
rec_overbed_table_9fed447735de49a7bef507a48629e224,Overbed table,inferred,11,78,2.6495,19.684,0.6451612903225806,满足,0.0,不满足,0.3501330740727695,满足,,不涉及,tray_tilt,0.0,
rec_overear_headphones_with_folding_earcups_ebed1456c8c74662a55bc197c5af48ae,Over-ear headphones with folding earcups,asset,4,32,0.6071,0.42,0.007843802243876642,满足,0.0,满足,0.07771004821453369,不满足,,不涉及,left_fold_hinge,0.0,0.358278
rec_overshot_waterwheel_34ab721ae08a4072bcdd7ecbce39bf4b,Overshot waterwheel,inferred,1,50,5.1136,418.042,,满足,0.0001098352176596815,不满足,3.7117266403460503e-06,满足,,不涉及,frame_to_wheel,0.039938,0.00275
rec_padlock_with_shackle_0aba20660cd54e8bb7fd699150ac6c9b,Padlock with shackle,inferred,2,13,0.1605,0.007,2.4388614317022182e-11,满足,0.0019284281935348655,不满足,8.41368053543606e-05,满足,,不涉及,body_to_key_plug,0.098884,0.019502
rec_palm_with_multiple_uncoupled_finger_chains_1226e6e9dfae4933be79bf3c52dd3627,Palm with multiple uncoupled finger chains,inferred,11,81,0.5261,0.273,5.455226329619222e-06,满足,0.0,满足,0.00011981706352805678,不满足,,不涉及,finger_0_root,0.0,
rec_panini_press_with_clamshell_lid_1e6c986dda874fd6a176cd1becc0658d,Panini press with clamshell lid,inferred,3,48,1.5284,27.573,0.0008801944706172941,满足,0.0,满足,0.18138233168506052,不满足,,不涉及,lid_to_latch,0.0,0.000791
rec_paper_cutter_guillotine_0003,Paper cutter guillotine,asset,1,25,1.0607,10.6,0.15885926429088273,满足,0.385011475014968,满足,0.20969571948436144,满足,,满足,bracket_to_arm,0.677862,0.567979
rec_paper_shredder_with_pullout_bin_257c3a6bda134b71a21b4f3fdebb6e88,Paper shredder with pullout bin,asset,8,51,1.3494,7.44,2.7711786924062594e-09,满足,0.0,不满足,0.00045796005343865187,满足,,不涉及,body_to_bin,0.0,0.998433
rec_parabolic_dish_on_azimuth_elevation_mount_7f8512f01f3c4faf96101c5b596b1cf0,Parabolic dish on azimuth-elevation mount,asset,2,41,2.4636,26.7,0.09339204376430146,满足,0.0,满足,0.36721931410372516,满足,,不涉及,elevation,0.0,0.956479
rec_pedal_trash_bin_with_hinged_lid_a93ca13b041f421b997abaf1fd4728ec,Pedal trash bin with hinged lid,inferred,3,30,1.0858,1.059,1.1914638135925305e-06,满足,0.054589231756604024,不满足,0.148920835318053,不满足,,不涉及,bucket_to_handle,0.180237,0.302875
rec_pet_door_flap_1693957a58a54981a2599a6d29d61717,Pet door flap,inferred,2,22,0.9989,0.459,1.168873355130127e-10,不满足,0.004278760312702726,满足,1.6004567167685658e-05,不满足,,不涉及,frame_to_flap,0.028661,0.14929
rec_pickup_tailgate_582a2730148b4460a669993d7cb46042,Pickup tailgate,asset,2,27,3.6657,123.8,3.561812600216321e-09,满足,0.2205812196478944,不满足,0.001384087714188844,满足,,不涉及,bed_to_tailgate,0.227069,0.971429
rec_pitchroll_module_29486c0109ee4731a8c5da571935dac6,Pitch-roll module,asset,2,14,0.335,3.87,2.1737578768080772e-13,满足,0.018994826986150338,满足,0.0002464070401525098,不满足,,不涉及,pitch_joint,0.018997,0.99991
rec_platform_cart_f0253c23dff14404946824f5c864e518,Platform cart,asset,9,64,2.5035,29.4,4.65191889676893e-08,满足,0.0,不满足,0.05632866430873196,满足,,不涉及,deck_to_handle,0.0,0.833969
rec_playground_swing_047a11bb1e57408da9c79dff933d188a,Playground swing,asset,2,15,1.6623,14.7,0.11572624726648514,满足,0.0,不满足,0.9958333332579233,满足,,不涉及,swivel_to_hanger,0.0,8e-06
rec_portable_speaker_with_articulated_controls_fe597177e08a44c085dcd62edc066e93,Portable speaker with articulated controls,inferred,10,57,2.0388,2.421,1.6143301532821073e-09,满足,0.0,满足,1.0378770774219749e-06,满足,,不涉及,body_to_top_button_0,0.0,
rec_portal_gantry_with_vertical_slide_3d4e459ade564c90b97f1bee988a1f18,Portal gantry with vertical slide,asset,2,24,4.6533,217.0,2.414640045195652e-09,满足,0.0,不满足,4.143447958184515e-14,满足,,不涉及,shuttle_to_tool_carriage,0.0,1.6e-05
rec_prismaticrevolute_chain_f2db7a9a3cd74ad69fed4bf64d6c9722,Prismatic-revolute chain,inferred,2,10,1.3197,4.357,1.6197083668798038e-07,满足,0.0,不满足,6.720402991276083e-06,满足,,不涉及,shuttle_to_inspection_link,0.0,
rec_prismaticrevoluteprismatic_chain_0001,Prismatic-revolute-prismatic chain,asset,3,12,0.9148,20.2,2.7361371347490733e-07,满足,0.0,不满足,0.0010567829408854525,不满足,,不涉及,carriage_to_arm,0.0,0.662693
rec_prismaticrevoluterevolute_chain_0056a5bf8de84f7bb87f75b397f6bcb9,Prismatic-revolute-revolute chain,inferred,3,22,1.1013,1.094,2.4314205541825347e-06,满足,0.0,不满足,1.8291325702592002e-10,不满足,,不涉及,carriage_to_shoulder,0.0,0.0
rec_pump_bottle_0002,Pump bottle,asset,2,11,0.3762,0.31,3.1067591601380914e-62,满足,5.2647378161671863e-17,满足,0.0025459746313429973,满足,,不涉及,collar_to_plunger,1e-06,0.0
rec_pushpull_plunger_chain_557c15d705e24b36a71f07c6d93eb154,Push-pull plunger chain,inferred,3,36,2.7808,3.634,2.4321532446407738e-08,满足,0.0,满足,6.630985652556881e-10,不满足,,不涉及,base_to_input,0.0,0.001503
rec_radial_arm_with_sliding_carriage_5216ef235e324eab9706b73cf08beabc,Radial arm with sliding carriage,inferred,2,6,4.3804,122.403,1.1219615148021909e-14,满足,2.5237750191592255e-40,不满足,1.9212461136065601e-19,满足,,不涉及,column_to_beam,0.003705,0.0
rec_range_hood_with_articulated_controls_0034,Range hood with articulated controls,asset,4,20,2.3107,18.14,5.207824415524431e-09,满足,0.5318227575669777,满足,0.0006945747482197497,满足,,不涉及,hood_to_left_button,0.532096,0.999487
rec_refrigerator_with_hinged_doors_effbcb60f4fc4f53bbf0fdcaffbfb5ab,Refrigerator with hinged doors,inferred,2,39,2.6826,30.067,3.058631329722671e-05,满足,0.0,不满足,0.02311152346589472,满足,,不涉及,cabinet_to_door,0.0,0.982773
rec_remote_8aac71cd322c44d7939791b8290b08cc,Remote,asset,2,28,0.6168,1.61,,满足,5.680836387444572e-22,不满足,1.0524970715692098e-09,不满足,,不涉及,housing_to_trackball,5e-06,0.0
rec_remote_weapon_station_ce7bce5646114a1aa85f2f135b6ce755,Remote weapon station,asset,3,23,1.9815,366.0,7.650656477914663e-10,满足,0.0,不满足,0.0009681933783141313,不满足,,不涉及,turret_to_sensor_cover,0.0,0.011213
rec_retractable_bollard_017f704ed5ae444a9cd044c5f9866418,Retractable bollard,inferred,3,26,2.794,98.916,8.52472320117123e-23,满足,0.0,不满足,0.00038727456895908775,不满足,,不涉及,post_to_warning_cover,0.0,
rec_retractable_utility_knife_e76029f35d794b7297fa43225328e88b,Retractable utility knife,inferred,2,18,0.3473,0.015,1.2688481854205984e-07,满足,0.0,不满足,1.5835937304452395e-14,满足,,不涉及,handle_to_blade_carriage,0.0,4.2e-05
rec_revoluteprismatic_chain_2ac6830e1208470c955580306548cb9e,Revolute-prismatic chain,inferred,2,18,1.7152,3.663,0.505206883383558,满足,0.0,不满足,0.9708333333333333,满足,,不涉及,link_to_carriage,0.0,1.0
rec_revoluteprismaticrevolute_chain_4327d00fe26a4d659c5035111744c70d,Revolute-prismatic-revolute chain,inferred,3,68,2.1058,26.264,2.9560642037652673e-09,满足,0.0,不满足,2.3741751915530438e-05,不满足,,不涉及,rotary_to_linear,0.0,0.661698
rec_revoluterevoluteprismatic_chain_4b2eba04f0bf4ddcb055c99f1d4e84e1,Revolute-revolute-prismatic chain,inferred,3,24,1.9996,8.76,0.006300240507490061,满足,0.0,不满足,0.9360625735696589,满足,,不涉及,upper_to_forelink,0.0,0.11192
rec_revolving_door_e2bd801f895f4172bd4ee50dd475eb24,Revolving Door,asset,1,31,7.8271,565.0,,满足,5.736715551304644e-08,满足,1.2102598247488686e-11,满足,,不涉及,drum_to_rotor,0.001335,4.3e-05
rec_rice_cooker_8948516abf6c4d578ee6547bf6312b24,Rice cooker,inferred,2,17,0.8547,2.332,0.002243036858245234,满足,0.039858281373531416,满足,3.942907362257698e-05,满足,,不涉及,body_to_lid,0.416858,0.095616
rec_ring_light_on_stand_1be845820f444f349cd9d93991d7f725,Ring light on stand,inferred,5,33,2.5417,12.301,0.02590125595055409,满足,0.0,不满足,0.0001439439098645734,不满足,,不涉及,ring_tilt,0.0,0.0
rec_robotic_arms_b04b60f1f1cb48e1a9bf2fe03b9da825,Robotic Arms,asset,5,30,2.5118,148.0,0.00046936929194455357,不满足,0.0,不满足,0.003000841509962569,不满足,,不涉及,shoulder_pitch,0.0,0.0
rec_robotic_leg_b989059ae38e4e7e874c0f480cb85997,Robotic leg,asset,3,32,1.1939,26.6,1.4369896102860586e-05,满足,0.0,不满足,1.4425596410450816e-09,不满足,,不涉及,knee_pitch,0.0,0.430808
rec_rolling_toolbox_with_telescoping_handle_142154fd9b9044eeadad2e03184e1ee8,Rolling toolbox with telescoping handle,inferred,6,58,2.0602,36.902,0.00033131908469204694,不满足,0.0,不满足,8.799121753093545e-10,满足,,不涉及,body_to_lid,0.0,0.000133
rec_rolling_walker_9aca713b09a646a596f53b05fdc08ca3,Rolling walker,asset,4,51,2.0776,6.86,0.04893767863004752,满足,0.0,不满足,0.9472222222222222,满足,,不涉及,left_caster_swivel,0.0,1.0
rec_roof_vent_tower_with_hinged_flap_47e9a8236bf1404d86d2b6cbe7a4db88,Roof vent tower with hinged flap,inferred,1,66,2.492,8.713,1.9022388609957843e-08,满足,0.0003711737588568089,满足,2.3742117233167745e-08,不满足,,不涉及,tower_to_flap,0.005835,0.063607
rec_rotary_base_with_vertical_slide_0258ad10eb7b434fadc225de646ee890,Rotary base with vertical slide,inferred,2,11,1.1966,12.873,0.005837365517947663,满足,0.12661262424371625,不满足,0.7013888888888895,满足,,不涉及,stage_lift,0.141316,0.895953
rec_rotary_table_with_tilting_trunnion_7ab48c94590045bf94ac6aebe6e13cd9,Rotary table with tilting trunnion,inferred,2,21,1.1927,29.426,1.5344665123148263e-07,满足,1.4991698258879327e-08,满足,2.20779840622992e-08,满足,,不涉及,lower_stage_to_faceplate,3e-06,0.004629
rec_rotating_observatory_dome_fea4ae109f11450dbb054dc400d19903,Rotating observatory dome,asset,2,18,13.762,16520.0,0.24211219696454253,满足,5.298349006486332e-07,不满足,5.923745332956037e-11,满足,,不涉及,slit_shutter,0.005809,9.1e-05
rec_screwcap_bottle_94b9b87d519a40aa99f27da59d944824,Screw-cap bottle,inferred,1,2,0.5496,0.069,,满足,2.6631768028977793e-29,不满足,1.208178329842325e-16,满足,,不涉及,neck_to_cap,0.0,0.0
rec_screwin_light_bulb_with_socket_0006,Screw-in light bulb with socket,asset,1,32,0.3345,1.01,,满足,5.272695014888768e-30,不满足,1.0790610589153673e-26,满足,,不涉及,bulb_thread_rotation,0.000295,0.0
rec_searchlight_tower_0005,Searchlight tower,asset,2,58,3.4172,176.0,0.4035714944836715,满足,0.0,满足,1.1584996757696632e-10,满足,,不涉及,head_tilt,0.0,0.000109
rec_serial_elbow_arm_dfee8ddd003d4de1b9f8f7eba24f5351,Serial elbow arm,inferred,2,15,0.7572,0.846,0.0647031111439925,不满足,0.0,不满足,0.4970237138319421,满足,,不涉及,elbow_joint,0.0,0.0
rec_service_access_panel_0007,Service access panel,asset,1,35,2.197,16.5,1.5853191729263958e-10,满足,0.2234961210825179,不满足,1.0927943882370672e-05,不满足,,不涉及,service_panel_hinge,0.555415,0.402395
rec_sewing_box_with_simple_hinged_lid_f32d66552a9f4899a5f23f4c727a4b23,Sewing box with simple hinged lid,asset,1,28,0.8285,0.59,0.0028772041825425674,满足,9.649653455475729e-05,满足,4.787547714150999e-05,不满足,,不涉及,body_to_lid,0.000918,0.105114
rec_shoulderelbowwrist_arm_0002,Shoulder-elbow-wrist arm,asset,3,4,0.8187,1.84,0.0011035158770226737,满足,0.0,不满足,3.284225139213985e-16,不满足,,不涉及,elbow_joint,0.0,0.0
rec_simple_aframe_step_ladder_b5d0355811f1461da333653e479b275f,Simple A-frame step ladder,asset,1,22,2.2351,12.2,0.0021610098742690684,满足,0.004436354944120866,不满足,0.5830586984773553,不满足,,不涉及,rear_frame_fold,0.172097,0.025778
rec_simple_drying_rack_bf797b728956438db65768dca56ec9fd,Simple drying rack,inferred,3,62,3.3353,6.541,0.010149307178329434,满足,6.908789222665848e-08,满足,0.009012403921922863,满足,,不涉及,central_to_support,0.078973,1e-06
rec_simple_ironing_board_0c59eca7dcc44990a857d1bbc8f42082,Simple ironing board,asset,1,21,3.0949,9.4,0.002565736943357468,满足,0.11718396690439739,满足,0.0006399856605952388,不满足,,不涉及,board_to_leg_frame,0.55252,0.21209
rec_single_continuous_rotary_shaft_59d8c5bbf2d54ef3a2510a03c05477b5,Single continuous rotary shaft,inferred,1,22,1.8154,7.949,,满足,0.05032586388237637,不满足,0.999737515334292,满足,,不涉及,shaft_axis,0.050331,0.999895
rec_single_pitch_axis_module_ecd1ca29074f4c46b21ef051ac3a41df,Single pitch axis module,inferred,1,31,1.7656,9.249,1.8354375076347454e-09,满足,0.03587050660471458,不满足,0.0013885821396355065,满足,,不涉及,tilt_axis,0.035877,0.999823
rec_single_prismatic_slider_f44777bd887041f9b1175a02ffb7fbc2,Single prismatic slider,inferred,1,12,3.0234,6.669,3.359604873796477e-07,满足,0.2548671606368936,不满足,0.001388888888874331,满足,,不涉及,drawer_slide,0.254867,1.0
rec_single_revolute_hinge_6c6ea65bf4b54f5cb8735c5cd4d4c57d,Single revolute hinge,asset,1,5,0.3279,0.8,0.0012932982171614748,满足,0.06082645983046185,不满足,0.024616995315554082,不满足,,不涉及,mount_to_moving,0.255292,0.238262
rec_single_roll_axis_module_ee87b8d94add4b9eb7a987334d7f1762,Single roll axis module,asset,1,15,0.5949,6.3,0.3054828432862365,满足,0.01733062264247738,不满足,0.9652777777777778,满足,,不涉及,bracket_to_spindle,0.017331,1.0
rec_single_rotor_helicopter_90637aef635c4429a1f1b432e4449e0a,Single-rotor helicopter,inferred,5,98,16.2788,524.362,4.31445972719998e-09,满足,0.0,不满足,0.0002443195892544344,不满足,,不涉及,starboard_cockpit_door_hinge,0.0,0.999999
rec_single_yaw_axis_module_82d7179b727d453796431dbf471c26c4,Single yaw axis module,asset,1,7,0.6971,11.15,5.429738770903528e-09,满足,4.151126216336535e-07,不满足,2.2018661963532775e-11,满足,,不涉及,stage_yaw,0.000229,0.001815
rec_singleleaf_drawbridge_b800c64ef1104598b4321f2f3710dba6,Single-leaf drawbridge,inferred,1,27,9.1402,830.856,8.745623264127139e-10,满足,0.005114625371209253,满足,3.3835069976325593e-06,满足,,不涉及,leaf_hinge,0.056772,0.090091
rec_skateboard_746de8d78d9a4747ad202ec9810657f0,Skateboard,inferred,6,56,1.5792,2.168,4.5851175014717976e-08,满足,0.0,满足,0.0019571114354741117,满足,,不涉及,front_steer,0.0,0.506673
rec_sliding_security_gate_3fcc2702a2f04b15a8411fbf88bbdea4,Sliding security gate,inferred,1,29,5.3794,27.326,2.2614154685091676e-07,满足,0.0028345597149117153,不满足,0.0013888888888743387,满足,,不涉及,leaf_slide,0.002835,1.0
rec_sliding_window_c51ac9b522314daca90da5e06b4ad099,Sliding window,inferred,1,19,3.5881,6.545,8.327047139106608e-08,满足,0.07040520131978541,不满足,0.001388888888874332,满足,,不涉及,frame_to_sash,0.070405,1.0
rec_sluice_gate_with_vertical_lift_panel_cf3dbfa37dd34b61a5ef4b7ec6a3c351,Sluice gate with vertical lift panel,inferred,3,17,9.509,392.881,4.0949815836720384e-12,满足,0.0,不满足,2.2361909122925326e-05,不满足,,不涉及,gate_slide,0.0,0.990172
rec_stand_mixer_c0fa93459fd4468598e818696b301b96,Stand Mixer,asset,5,34,1.0583,15.48,1.149044070489596e-07,满足,0.0,不满足,0.0008339366626159895,不满足,,不涉及,base_to_bowl_slide,0.0,0.0
rec_standing_desk_with_synchronous_telescoping_legs_and_articulated_controls_d43770cbf42f4ce39500228286fc5614,Standing desk with synchronous telescoping legs and articulated controls,inferred,5,63,4.4994,22.212,6.769131801602605e-06,满足,0.0,不满足,0.8541659801169984,满足,,不满足,column_0_slide,0.0,0.858412
rec_stationary_exercise_bike_0004,Stationary exercise bike,asset,1,56,2.7649,57.5,,满足,0.005668722922363756,满足,0.0036758789127138737,满足,,不涉及,frame_to_crank,0.053375,0.106205
rec_stick_vacuum_with_folding_joint_b32ad193f54f4902b6582ab3bc8ac901,Stick vacuum with folding joint,asset,2,18,1.8972,5.6,0.023078756575972956,满足,0.0,不满足,0.21027124848575318,不满足,,不涉及,wand_to_floor_head_pitch,0.0,0.727398
rec_stove_top_0025,Stove top,asset,5,44,1.6481,21.545,4.062367888449571e-68,满足,2.52126111025825e-11,不满足,0.0003471279355339045,满足,,不涉及,button_1_plunger,0.0,0.026872
rec_studio_spotlight_on_yoke_beda30bc15f3485ab275dd670aca71d3,Studio spotlight on yoke,inferred,2,44,2.3637,27.096,7.976369305099949e-17,满足,0.23310171424723644,满足,0.0013888888330556462,满足,,不涉及,tilt,0.242245,0.962258
rec_swivel_bar_stool_f4fe2d5bfd374b929d470fab67fcc788,Swivel bar stool,inferred,1,3,1.5731,5.994,,满足,1.219327849600629e-05,不满足,1.0,满足,,不涉及,seat_swivel,1.2e-05,1.0
rec_syringe_20ecea2800f243d984a62a3555955804,Syringe,inferred,1,31,0.637,0.095,1.2949381335735049e-07,满足,1.1335749689032826e-11,满足,1.0146604034187997e-19,满足,,不涉及,barrel_to_plunger,6.6e-05,0.0
rec_tackle_box_with_simple_hinged_lid_87b236b1175c40e194c3060d848b8e87,Tackle box with simple hinged lid,asset,1,15,1.0455,2.25,1.1253315431246876e-07,满足,0.007410588952355099,不满足,3.33589424830227e-05,不满足,,不涉及,body_to_lid,0.023941,0.309541
rec_telescoping_boom_73c354e91fd74e1c8f4d08af5836cb4d,Telescoping boom,inferred,3,18,2.2964,32.622,3.769958986693684e-08,满足,0.0,不满足,7.074865624772111e-16,不满足,,不涉及,outer_to_middle,0.0,6e-06
rec_telescoping_mast_with_pan_head_a298d025d0d5404285b334d8ed08fbc5,Telescoping mast with pan head,inferred,3,22,2.4763,4.319,1.1392999094227286e-06,满足,0.0,不满足,0.7402777777777775,满足,,不涉及,mid_to_top,0.0,0.914889
rec_threejoint_prismatic_chain_286431f5e03a4b33b7072ec8f2bf62d4,Three-joint prismatic chain,asset,3,12,1.2373,7.1,0.5049253026821592,满足,0.0,不满足,0.9708333333333333,满足,,不涉及,stage1_to_stage2,0.0,0.998506
rec_threejoint_revolute_chain_85fb958e4e69447f9cc50408d313f8ee,Three-joint revolute chain,inferred,3,5,1.0158,0.434,0.029933730876548097,满足,0.0,不涉及,0.003423314673300515,满足,,不涉及,elbow_joint,0.0,0.0
rec_threestage_telescoping_slide_a3fbf11eb0f540f2b80c226b252a5c10,Three-stage telescoping slide,inferred,2,22,1.7857,2.438,1.3658188539849437e-05,满足,0.0,满足,0.8374999999999998,满足,,满足,middle_to_inner,0.0,0.999435
rec_tilting_fan_540930b6847a441892643dedf9b71761,Tilting fan,asset,2,23,0.9949,4.48,0.0012031664803390941,满足,0.0,满足,0.6329330624674444,满足,,不涉及,head_to_rotor,0.0,0.201768
rec_toaster_oven_9c7391223cd4493699fe5c76b91754c1,Toaster oven,inferred,4,34,1.5018,1.467,9.173357717742377e-10,满足,0.0,不满足,6.749525516335431e-06,满足,,不涉及,body_to_door,0.0,
rec_top_load_washing_machine_with_hinged_lid_edd9109be75e4ef6a1bcf51f2b050268,Top-load washing machine with hinged lid,inferred,6,8,2.6671,129.039,0.003576091789205621,满足,0.0,不满足,1.5606310620866464e-44,满足,,不涉及,body_to_lid,0.0,0.0
rec_tower_fan_with_rotary_controls_c23bcbc7114b484290d573db335cd72d,Tower fan with rotary controls,inferred,4,65,1.8046,6.639,0.10529046613240987,满足,0.0,满足,0.10945340501792114,满足,,不涉及,tower_to_blower,0.0,1.0
rec_toy_car_02be9890023a4e7f9b4116f3da82848f,Toy car,asset,6,123,0.6602,1.83,0.0008475726731578864,满足,0.0,满足,0.38247523248174525,满足,,满足,left_door_hinge,0.0,0.599811
rec_toy_model_planes_e0465bef51574bd8aa8f5c28bddc3c17,Toy model planes,inferred,1,15,1.5164,0.257,,满足,3.304999866515713e-05,满足,4.389094073293663e-06,满足,,不涉及,nose_to_propeller,0.014283,0.002314
rec_traditional_windmill_00b3e45fa2e04aeaa5fb363f96b2115e,Traditional windmill,inferred,2,43,2.7661,68.278,,满足,0.0,满足,1.0,满足,,不涉及,cap_to_sail_hub,0.0,1.0
rec_tripodmounted_device_4bef7e09407d471691dbfbcc8e710dea,Tripod-mounted device,inferred,7,54,1.4128,1.712,0.005555022419906134,满足,0.0,满足,0.09137666590971119,满足,,不涉及,crown_to_leg_0,0.0,0.004757
rec_turnstile_gates_8eaceeb4c6df41858cafad676d36acd9,Turnstile Gates,inferred,1,9,5.4114,10.782,,满足,0.6910177928236862,满足,1.0,满足,,不涉及,column_to_rotor,0.691018,1.0
rec_turntable_0001,Turntable,asset,2,24,1.0121,9.05,6.726259619458199e-05,满足,0.0,满足,0.19517857107426162,满足,,不涉及,tonearm_pivot,0.0,0.673543
rec_tv_wall_mount_0002,TV wall mount,asset,4,23,1.4115,17.2,0.0014772944717593947,满足,0.0,满足,0.22089717728019434,满足,,不涉及,elbow_fold,0.0,0.0
rec_twojoint_prismatic_chain_53ea9bfa9ae1457095ae95c6bb1ff47a,Two-joint prismatic chain,inferred,2,38,2.0034,12.707,0.5055883876669162,满足,0.0,满足,0.9708333333333333,满足,,不涉及,middle_to_inner,0.0,0.99977
rec_twojoint_revolute_chain_81af4b1a09fe42bebb22ea5c3e5048a3,Two-joint revolute chain,inferred,2,23,1.3515,1.32,0.46132794156439166,满足,1.0,满足,0.9694444444444444,满足,,不涉及,root_pivot,1.0,1.0
rec_twostage_telescoping_slide_fa57ef4a4e1945f3ae9a426f20581a7c,Two-stage telescoping slide,inferred,1,27,1.519,1.883,8.117927143180147e-06,满足,0.1169770350847658,满足,0.7999999999999979,满足,,不涉及,stage_slide,0.116977,1.0
rec_undershot_waterwheel_0003,Undershot waterwheel,inferred,1,136,8.0305,1231.086,,满足,0.18329305812058572,满足,0.9998456616866015,满足,,不涉及,wheel_spin,0.183304,0.999938
rec_usb_drive_with_swivel_cover_5fe5aa05d3e048c7917a782fee9502b6,USB drive with swivel cover,asset,1,12,0.126,0.026,,不满足,0.22149114277253026,满足,0.8344620103014118,不满足,,不涉及,body_to_cover,0.259488,0.853568
rec_vacuum_cleaner_with_articulated_wand_357e370aaa6741aaaf93425c9d649b5a,Vacuum cleaner with articulated wand,inferred,3,47,1.3992,2.398,3.0773890950417833e-24,满足,0.0,满足,0.07849584867590793,满足,,不涉及,proximal_to_distal_wand,0.0,0.0
rec_vertical_slide_with_wrist_hinge_f18d3a9735e24e03b94589349819009e,Vertical slide with wrist hinge,inferred,2,19,2.1329,4.823,5.4891491612942904e-08,满足,0.0,满足,0.0009533621214614434,满足,,不涉及,carriage_to_face,0.0,0.731541
rec_waffle_maker_aef0e905c2174eceadda3173e90c646d,Waffle maker,inferred,2,19,0.7753,4.344,0.0022671615560327465,满足,0.0,满足,7.88223966918337e-08,满足,,不涉及,base_to_upper,0.0,0.00811
rec_wall_safe_with_hinged_door_and_dial_a62b6299f8e34d21a36c51681a3d3709,Wall Safe With Hinged Door And Dial,asset,3,33,1.9274,61.15,0.48208391001368167,满足,0.0,满足,0.47023752731703133,满足,,不涉及,door_to_dial,0.0,
rec_wall_thermostat_with_articulated_controls_f913d89d4077488f81709454ebd72e8c,Wall thermostat with articulated controls,asset,1,76,0.309,0.32,1.1832119159539027e-184,满足,0.0,满足,0.0006351591936109629,满足,,不涉及,dial_rotation,0.102534,0.0
rec_watch_winder_box_with_hinged_lid_e8bfd626f2f04fa3a087f47cdddb81d8,Watch winder box with hinged lid,asset,2,21,0.6044,4.55,0.0319586644841314,满足,0.0,满足,4.7607436936554196e-07,满足,,不涉及,body_to_lid,0.0,0.0
rec_wheelbarrow_ee2d5690c8a14283b4b38202f1a0381d,Wheelbarrow,inferred,1,104,2.7478,28.856,,满足,0.47819275086051577,满足,0.9999928559050125,满足,,不涉及,fork_to_wheel,0.478194,0.999997
rec_wheelchair_35fae8af32834d34ad3bbf2c7578d4e2,Wheelchair,inferred,10,123,2.9847,95.693,5.242664612909914e-06,满足,0.0,满足,1.0920499906136778e-07,满足,,不涉及,frame_to_rear_wheel_0,0.0,
rec_wheelie_bin_with_hinged_lid_4cb061e3d69c4d4c843a9b332ee19f03,Wheelie bin with hinged lid,asset,3,45,0.9075,3.36,0.005330514728333679,满足,0.0963192924843173,满足,0.13784601507028674,满足,,不涉及,body_to_lid,0.217211,0.443437
rec_wind_turbine_e10650a329fb4c79b8baeee1fa7b8566,Wind turbine,asset,2,19,280.4975,560000.0,,满足,0.17842253905655314,满足,1.0,满足,,不涉及,rotor_spin,0.178423,1.0
rec_windshield_sun_visor_d79bab04ab074d7d8eeacd123777b1e1,Windshield sun visor,inferred,2,32,0.8788,2.4,0.05730648520984635,满足,1.4442879179164442e-07,满足,0.37395194373674184,满足,,不涉及,roof_to_primary_hinge,0.559476,0.0
rec_windshield_wiper_assembly_291e082ab0b34d1cb8d1d37d83a9fe5f,Windshield wiper assembly,inferred,4,51,2.4098,1.818,3.0821812750251804e-06,满足,0.0,满足,0.0004224655195071206,满足,,不涉及,tip_pivot,0.0,1.0
rec_xyz_cartesian_stage_072a106777414d4f94599578f9604d76,XYZ Cartesian stage,inferred,3,42,2.3266,18.698,3.054891249599946e-08,满足,0.0,满足,0.0011202986425911479,不满足,,不涉及,x_carriage_to_y_carriage,0.0,0.946604
rec_yawpitch_module_24e621d7df2641ac9889e6a08c3bc421,Yaw-pitch module,inferred,2,7,0.7645,4.064,0.056265924464105964,满足,0.0,满足,0.062455197132616484,满足,,不涉及,pan_to_tilt,0.0,0.186696
rec_yawpitchroll_wrist_71a3903167694d5ab1a72ebd73fa28f6,Yaw-pitch-roll wrist,inferred,3,26,0.8543,3.843,4.428651921795542e-16,满足,0.0,满足,0.0013888885408708763,满足,,不涉及,pitch,0.0,0.0
rec_zippo_lighter_a19c9756cfd3497d8ce55415517699a2,Zippo lighter,asset,3,66,0.1401,0.095,8.412200600637444e-08,满足,0.0,满足,3.4502974073868112e-22,不满足,,不涉及,lid_hinge,0.0,0.0
